ProteinName,FullPeptideName,ModifiedAminoPositions
O75711,DVFFG(UniMod:6)PK,85
P00738,L(UniMod:7)G(UniMod:6)G(UniMod:6)HLDAK,162;163;164
P00739,L(UniMod:7)G(UniMod:6)G(UniMod:6)HLDAK,104;105;106
P01008,FRIEDGFSL(UniMod:7)K,362
P01009,IQHC(UniMod:4)KKLSSWVLLM(UniMod:35)K,255;265
P01023,DN(UniMod:5)SVHWERPQKPK,1178
P01024,IHWESASL(UniMod:7)L(UniMod:7)R,1317;1318
P02647,L(UniMod:7)AEYHAKATEHLSTLSEK,212
P02649,L(UniMod:7)SKELQAAQAR,110
P02765,L(UniMod:7)DGKFSVVYAK,120
P02768,FKDLGEEN(UniMod:5)FK,41
P04004,IYISG(UniMod:6)MAPRPSLAKK,357
P08603,IIYKEN(UniMod:5)ERFQYK,229
P08697,N(UniMod:5)KFDPSLTQR,242
P36955,ITGKPIKL(UniMod:7)TQVEHR,352
Q5T013,IHL(UniMod:7)MAGR,106
Q96GW7,AL(UniMod:7)HPEEDPEGR,879
